{"numBuffers": 1, "numTracks": 1, "tracks": [{"name": "inst-0", "hasTimeTags": 1, "mxRows": 1, "mxCols": 3, "maxSize": 111, "mxColNames": ["frequency", "velocity", "duration"], "buffers": [{"mxRows": 1, "mxCols": 3, "mxData": [146.8323839587038, 38, 0.301859410430839, 1046.5022612023945, 56, 0.30185941043083897, 587.3295358348151, 52, 0.45278911564625857, 110.0, 41, 0.3831292517006803, 783.9908719634985, 43, 0.20897959183673465, 897.1035494286892, 61, 0.23219954648526075, 672.0682984000974, 52, 0.313469387755102, 1344.1365968001949, 54, 0.4411791383219954, 224.2758873571723, 39, 0.13931972789115643, 897.1035494286892, 68, 0.43085306122448963, 448.5517747143446, 48, 0.7907623582766441, 112.13794367858615, 39, 0.15092970521541949, 112.13794367858615, 42, 0.16253968253968232, 799.2284022251677, 42, 0.13931972789115665, 897.1035494286892, 55, 0.16253968253968276, 448.5517747143446, 41, 0.24380952380952348, 598.7447855474059, 54, 0.46439909297052173, 712.0315590437534, 55, 0.15092970521541949, 1066.8419238747922, 52, 0.20897959183673454, 1598.456804450335, 50, 0.15221360544217655, 799.2284022251677, 69, 0.19736961451247215, 1344.1365968001949, 62, 0.5340589569160992, 799.2284022251677, 56, 0.24380952380952348, 672.0682984000974, 56, 0.3482993197278903, 224.2758873571723, 43, 0.3599092970521536, 112.13794367858615, 39, 0.18575963718820887, 1066.8419238747922, 50, 0.18575963718820887, 1066.8419238747922, 40, 0.20897959183673454, 897.1035494286892, 52, 0.16253968253968232, 1066.8419238747922, 54, 0.18575963718820887, 149.68619638685146, 40, 0.13931972789115576, 1197.4895710948117, 56, 0.20897959183673454, 598.7447855474059, 67, 0.2786394557823133, 1598.456804450335, 55, 0.19736961451247126, 799.2284022251677, 65, 0.4643990929705213, 399.6142011125838, 47, 0.19736961451247215, 1066.8419238747922, 45, 0.1741496598639456], "timeTags": [0.06965986394557823, 0.09287981859410431, 0.23219954648526078, 0.34829931972789113, 0.4876190476190476, 0.8823582766439909, 1.4628571428571429, 1.4628571428571429, 1.6486167800453515, 1.7182766439909296, 1.7414965986394557, 1.787936507936508, 2.578698866213152, 2.590308843537415, 2.7412385487528343, 2.880558276643991, 2.973438095238095, 3.3797873015873017, 3.5539369614512473, 3.9718961451247163, 4.008009977324263, 4.193769614512472, 4.205379591836735, 4.205379591836735, 4.205379591836735, 4.251819501133786, 4.391139229024943, 4.634948752834467, 5.192227664399093, 5.598576870748299, 5.633406802721089, 6.435779138321996, 6.470609070294785, 6.6911986394557825, 6.749248526077098, 6.853738321995465, 7.132377777777778], "info": ["gui", "interface multiwave", "thickness 3", "colormode rainbow", "autobounds 1"]}]}]}